<?xml version="1.0" encoding="UTF-8"?><?xml-stylesheet type='text/xsl' href='_UpgradeReport_Files/UpgradeReport.xslt'?><UpgradeLog>
<Properties><Property Name="Solution" Value="objLoader">
</Property><Property Name="Solution File" Value="C:\Users\p\Desktop\lin_p_hw4\VScode\objLoader\objLoader.sln">
</Property><Property Name="Date" Value="Monday, 1 November 2010">
</Property><Property Name="Time" Value="23:41 PM">
</Property></Properties><Event ErrorLevel="0" Project="objTester" Source="objTester.vcproj" Description="Converting project file 'C:\Users\p\Desktop\lin_p_hw4\VScode\objLoader\objTester.vcproj'.">
</Event><Event ErrorLevel="1" Project="objTester" Source="objTester.vcproj" Description="VCWebServiceProxyGeneratorTool is no longer supported. The tool has been removed from your project settings.">
</Event><Event ErrorLevel="1" Project="objTester" Source="objTester.vcproj" Description="Attribute 'Detect64BitPortabilityProblems' of 'VCCLCompilerTool' is not supported in this version and has been removed during conversion.">
</Event><Event ErrorLevel="1" Project="objTester" Source="objTester.vcproj" Description="Attribute 'Detect64BitPortabilityProblems' of 'VCCLCompilerTool' is not supported in this version and has been removed during conversion.">
</Event><Event ErrorLevel="0" Project="objTester" Source="objTester.vcproj" Description="Done converting to new project file 'C:\Users\p\Desktop\lin_p_hw4\VScode\objLoader\objTester.vcxproj'.">
</Event><Event ErrorLevel="3" Project="objTester" Source="objTester.vcproj" Description="Converted">
</Event><Event ErrorLevel="0" Project="objLoader" Source="objLoader.vcproj" Description="Converting project file 'C:\Users\p\Desktop\lin_p_hw4\VScode\objLoader\objLoader.vcproj'.">
</Event><Event ErrorLevel="1" Project="objLoader" Source="objLoader.vcproj" Description="VCWebServiceProxyGeneratorTool is no longer supported. The tool has been removed from your project settings.">
</Event><Event ErrorLevel="0" Project="objLoader" Source="objLoader.vcproj" Description="Done converting to new project file 'C:\Users\p\Desktop\lin_p_hw4\VScode\objLoader\objLoader.vcxproj'.">
</Event><Event ErrorLevel="3" Project="objLoader" Source="objLoader.vcproj" Description="Converted">
</Event><Event ErrorLevel="0" Project="" Source="objLoader.sln" Description="Solution converted successfully">
</Event><Event ErrorLevel="3" Project="" Source="objLoader.sln" Description="Converted">
</Event></UpgradeLog>